注目テーマ	生成AI
注目テーマ	半導体・先端半導体
注目テーマ	EV・電動化
注目テーマ	蓄電池
注目テーマ	脱炭素・GX
注目テーマ	水素・アンモニア
注目テーマ	宇宙・衛星
注目テーマ	ドローン
注目テーマ	ロボット
注目テーマ	サイバーセキュリティ
注目テーマ	量子コンピューティング
注目テーマ	メタバース・XR
注目テーマ	フードテック
注目テーマ	再生医療・ゲノム
注目テーマ	自動運転
注目テーマ	空飛ぶクルマ
自動車・機械	自動車（完成車）
自動車・機械	自動車部品
自動車・機械	タイヤ
自動車・機械	二輪車
自動車・機械	商用車・トラック
自動車・機械	建設機械
自動車・機械	工作機械
自動車・機械	農業機械
自動車・機械	産業用ロボット
自動車・機械	ベアリング
自動車・機械	油圧・空圧機器
自動車・機械	造船・重機
自動車・機械	航空機・防衛
自動車・機械	鉄道車両
自動車・機械	モーター
自動車・機械	空調・冷凍機
自動車・機械	ポンプ・バルブ
電機・電子部品	総合電機
電機・電子部品	半導体（ロジック・メモリ）
電機・電子部品	半導体製造装置
電機・電子部品	半導体材料
電機・電子部品	電子部品
電機・電子部品	コネクタ・プリント基板
電機・電子部品	ディスプレイ
電機・電子部品	二次電池
電機・電子部品	白物家電
電機・電子部品	AV機器
電機・電子部品	PC・スマートフォン
電機・電子部品	事務機器・複合機
電機・電子部品	計測・分析機器
電機・電子部品	FA・制御機器
電機・電子部品	照明
情報通信・IT・ネット	通信キャリア
情報通信・IT・ネット	通信機器
情報通信・IT・ネット	データセンター
情報通信・IT・ネット	クラウド・IaaS
情報通信・IT・ネット	SIer・ITサービス
情報通信・IT・ネット	ソフトウェア・SaaS
情報通信・IT・ネット	ネット広告
情報通信・IT・ネット	EC・ネット通販
情報通信・IT・ネット	プラットフォーム・SNS
情報通信・IT・ネット	ゲーム
情報通信・IT・ネット	eスポーツ
情報通信・IT・ネット	動画・音楽配信
情報通信・IT・ネット	フィンテック・キャッシュレス
情報通信・IT・ネット	情報セキュリティ
情報通信・IT・ネット	HRテック・人材系ネットサービス
情報通信・IT・ネット	マッチング・シェアリング
金融	メガバンク
金融	地方銀行
金融	信託銀行
金融	ネット銀行
金融	証券
金融	資産運用
金融	生命保険
金融	損害保険
金融	少額短期保険
金融	リース
金融	クレジットカード・決済
金融	消費者金融
金融	不動産金融・REIT
金融	暗号資産
金融	政府系金融
商社・卸売	総合商社
商社・卸売	鉄鋼商社
商社・卸売	化学商社
商社・卸売	機械商社
商社・卸売	エレクトロニクス商社
商社・卸売	食品卸
商社・卸売	医薬品卸
商社・卸売	酒類卸
商社・卸売	繊維商社
小売・流通	コンビニエンスストア
小売・流通	スーパー・GMS
小売・流通	食品スーパー
小売・流通	ドラッグストア
小売・流通	百貨店
小売・流通	家電量販
小売・流通	ホームセンター
小売・流通	100円ショップ
小売・流通	ディスカウントストア
小売・流通	アパレル・SPA
小売・流通	スポーツ用品
小売・流通	靴・バッグ・宝飾
小売・流通	眼鏡
小売・流通	書店
小売・流通	通販・D2C
小売・流通	リユース・中古
食品・農水産・外食	総合食品
食品・農水産・外食	製粉・製糖・製油
食品・農水産・外食	調味料
食品・農水産・外食	乳業
食品・農水産・外食	製菓
食品・農水産・外食	冷凍食品・惣菜
食品・農水産・外食	即席麺
食品・農水産・外食	ビール・酒類
食品・農水産・外食	清涼飲料
食品・農水産・外食	たばこ
食品・農水産・外食	水産
食品・農水産・外食	農業・種苗・肥料
食品・農水産・外食	畜産・飼料
食品・農水産・外食	ファストフード
食品・農水産・外食	ファミリーレストラン
食品・農水産・外食	居酒屋
食品・農水産・外食	回転寿司
食品・農水産・外食	焼肉・ラーメン
食品・農水産・外食	カフェ
食品・農水産・外食	中食・弁当
食品・農水産・外食	給食・フードサービス
医薬・医療・ヘルスケア	医薬品（新薬）
医薬・医療・ヘルスケア	後発医薬品
医薬・医療・ヘルスケア	CRO・CDMO
医薬・医療・ヘルスケア	創薬ベンチャー・バイオ
医薬・医療・ヘルスケア	医療機器
医薬・医療・ヘルスケア	臨床検査・検査受託
医薬・医療・ヘルスケア	調剤薬局
医薬・医療・ヘルスケア	医療機関・医療サービス
医薬・医療・ヘルスケア	介護
医薬・医療・ヘルスケア	動物用医薬・ペット医療
医薬・医療・ヘルスケア	化粧品
医薬・医療・ヘルスケア	トイレタリー・日用品
医薬・医療・ヘルスケア	健康食品・サプリメント
素材・化学	総合化学
素材・化学	石油化学
素材・化学	電子材料
素材・化学	機能性樹脂・フィルム
素材・化学	塗料・インキ
素材・化学	産業ガス
素材・化学	触媒
素材・化学	繊維
素材・化学	紙・パルプ
素材・化学	セメント・生コン
素材・化学	ガラス
素材・化学	セラミックス
素材・化学	炭素・カーボン
素材・化学	合成ゴム
素材・化学	接着剤
資源・エネルギー・鉄鋼金属	石油元売り
資源・エネルギー・鉄鋼金属	資源開発
資源・エネルギー・鉄鋼金属	LNG
資源・エネルギー・鉄鋼金属	電力
資源・エネルギー・鉄鋼金属	新電力
資源・エネルギー・鉄鋼金属	都市ガス
資源・エネルギー・鉄鋼金属	再生可能エネルギー
資源・エネルギー・鉄鋼金属	原子力
資源・エネルギー・鉄鋼金属	鉄鋼
資源・エネルギー・鉄鋼金属	非鉄金属
資源・エネルギー・鉄鋼金属	アルミ
資源・エネルギー・鉄鋼金属	電線・ケーブル
資源・エネルギー・鉄鋼金属	レアメタル・レアアース
資源・エネルギー・鉄鋼金属	金属リサイクル
建設・住宅・不動産	ゼネコン
建設・住宅・不動産	サブコン（電気・空調・設備）
建設・住宅・不動産	プラントエンジニアリング
建設・住宅・不動産	道路・舗装
建設・住宅・不動産	土木・インフラ維持
建設・住宅・不動産	ハウスメーカー
建設・住宅・不動産	分譲マンション
建設・住宅・不動産	不動産デベロッパー
建設・住宅・不動産	不動産仲介・流通
建設・住宅・不動産	賃貸管理
建設・住宅・不動産	ビル管理・不動産サービス
建設・住宅・不動産	住宅設備機器
建設・住宅・不動産	建材
建設・住宅・不動産	家具・インテリア
建設・住宅・不動産	オフィス家具
建設・住宅・不動産	物流施設
運輸・物流	鉄道
運輸・物流	航空
運輸・物流	空港
運輸・物流	海運
運輸・物流	港湾・ターミナル
運輸・物流	陸運・トラック
運輸・物流	宅配便
運輸・物流	倉庫・3PL
運輸・物流	国際物流・フォワーダー
運輸・物流	引っ越し
運輸・物流	タクシー・バス
運輸・物流	レンタカー・カーシェア
メディア・広告・エンタメ	広告代理店
メディア・広告・エンタメ	印刷
メディア・広告・エンタメ	出版
メディア・広告・エンタメ	新聞
メディア・広告・エンタメ	テレビ・ラジオ
メディア・広告・エンタメ	ケーブルテレビ
メディア・広告・エンタメ	映画
メディア・広告・エンタメ	音楽
メディア・広告・エンタメ	アニメ
メディア・広告・エンタメ	キャラクター・IP
メディア・広告・エンタメ	芸能・マネジメント
メディア・広告・エンタメ	スポーツビジネス
サービス・生活関連	人材派遣
サービス・生活関連	人材紹介・求人メディア
サービス・生活関連	アウトソーシング・BPO
サービス・生活関連	コンサルティング
サービス・生活関連	監査法人・会計
サービス・生活関連	法律・知財サービス
サービス・生活関連	調査・マーケティング
サービス・生活関連	テーマパーク・レジャー
サービス・生活関連	ホテル
サービス・生活関連	旅行
サービス・生活関連	ブライダル
サービス・生活関連	フィットネス
サービス・生活関連	パチンコ・アミューズメント
サービス・生活関連	公営競技
サービス・生活関連	学習塾・予備校
サービス・生活関連	通信教育・EdTech
サービス・生活関連	語学
サービス・生活関連	大学・専門学校
サービス・生活関連	保育・幼児教育
サービス・生活関連	冠婚葬祭
サービス・生活関連	警備
サービス・生活関連	ビルメンテナンス・清掃
サービス・生活関連	廃棄物処理・環境リサイクル
サービス・生活関連	水処理・上下水道
サービス・生活関連	クリーニング
サービス・生活関連	美容・理容
サービス・生活関連	ペット関連
サービス・生活関連	家事代行・生活支援
